Abbeville,2014,50.10221,1.82449,27
Abbeville,2015,50.10221,1.82449,9
Abbeville,2016,50.10221,1.82449,7
Abbeville,2017,50.10221,1.82449,7
Abbeville,2018,50.10221,1.82449,1
Agen,2014,44.208311,0.620932,226
Agen,2015,44.208311,0.620932,340
Agen,2016,44.208311,0.620932,312
Agen,2017,44.208311,0.620932,309
Agen,2018,44.208311,0.620932,215
Agen,2019,44.208311,0.620932,229
Agen,2020,44.208311,0.620932,153
Agen,2021,44.208311,0.620932,249
Agen,2022,44.208311,0.620932,238
Aix-en-Provence TGV,2014,43.455237,5.317534,334
Aix-en-Provence TGV,2015,43.455237,5.317534,413
Aix-en-Provence TGV,2016,43.455237,5.317534,397
Aix-en-Provence TGV,2017,43.455237,5.317534,420
Aix-en-Provence TGV,2018,43.455237,5.317534,442
Aix-en-Provence TGV,2019,43.455237,5.317534,329
Aix-en-Provence TGV,2020,43.455237,5.317534,173
Aix-en-Provence TGV,2021,43.455237,5.317534,166
Aix-en-Provence TGV,2022,43.455237,5.317534,222
Aix-les-Bains le Revard,2014,45.688161,5.909371,11
Aix-les-Bains le Revard,2015,45.688161,5.909371,20
Aix-les-Bains le Revard,2016,45.688161,5.909371,34
Aix-les-Bains le Revard,2017,45.688161,5.909371,69
Aix-les-Bains le Revard,2018,45.688161,5.909371,40
Aix-les-Bains le Revard,2019,45.688161,5.909371,33
Aix-les-Bains le Revard,2020,45.688161,5.909371,20
Aix-les-Bains le Revard,2021,45.688161,5.909371,42
Aix-les-Bains le Revard,2022,45.688161,5.909371,33
Alenon,2014,48.433884,0.098531,18
Alenon,2015,48.433884,0.098531,12
Alenon,2016,48.433884,0.098531,4
Alenon,2017,48.433884,0.098531,9
Ambrieu-en-Bugey,2014,45.954008,5.342388,69
Ambrieu-en-Bugey,2015,45.954008,5.342388,58
Ambrieu-en-Bugey,2016,45.954008,5.342388,59
Ambrieu-en-Bugey,2017,45.954008,5.342388,59
Ambrieu-en-Bugey,2018,45.954008,5.342388,48
Ambrieu-en-Bugey,2019,45.954008,5.342388,34
Ambrieu-en-Bugey,2020,45.954008,5.342388,17
Ambrieu-en-Bugey,2021,45.954008,5.342388,53
Ambrieu-en-Bugey,2022,45.954008,5.342388,43
Amiens,2014,49.890746,2.312592,368
Amiens,2015,49.890746,2.312592,514
Amiens,2016,49.890746,2.312592,482
Amiens,2017,49.890746,2.312592,502
Amiens,2018,49.890746,2.312592,297
Amiens,2019,49.890746,2.312592,310
Amiens,2020,49.890746,2.312592,186
Amiens,2021,49.890746,2.312592,388
Amiens,2022,49.890746,2.312592,389
Angers Saint-Laud,2013,47.464647,-0.55682,58
Angers Saint-Laud,2014,47.464647,-0.55682,290
Angers Saint-Laud,2015,47.464647,-0.55682,320
Angers Saint-Laud,2016,47.464647,-0.55682,759
Angers Saint-Laud,2017,47.464647,-0.55682,910
Angers Saint-Laud,2018,47.464647,-0.55682,694
Angers Saint-Laud,2019,47.464647,-0.55682,485
Angers Saint-Laud,2020,47.464647,-0.55682,398
Angers Saint-Laud,2021,47.464647,-0.55682,602
Angers Saint-Laud,2022,47.464647,-0.55682,730
Angoulme,2013,45.653572,0.164608,1
Angoulme,2014,45.653572,0.164608,87
Angoulme,2015,45.653572,0.164608,125
Angoulme,2016,45.653572,0.164608,166
Angoulme,2017,45.653572,0.164608,109
Angoulme,2018,45.653572,0.164608,119
Angoulme,2019,45.653572,0.164608,148
Angoulme,2020,45.653572,0.164608,87
Angoulme,2021,45.653572,0.164608,117
Angoulme,2022,45.653572,0.164608,105
Annecy,2014,45.901965,6.121835,266
Annecy,2015,45.901965,6.121835,439
Annecy,2016,45.901965,6.121835,460
Annecy,2017,45.901965,6.121835,469
Annecy,2018,45.901965,6.121835,520
Annecy,2019,45.901965,6.121835,531
Annecy,2020,45.901965,6.121835,212
Annecy,2021,45.901965,6.121835,425
Annecy,2022,45.901965,6.121835,494
Annemasse,2014,46.199222,6.23652,33
Annemasse,2015,46.199222,6.23652,61
Annemasse,2016,46.199222,6.23652,10
Annemasse,2017,46.199222,6.23652,23
Annemasse,2018,46.199222,6.23652,22
Annemasse,2020,46.199222,6.23652,23
Annemasse,2021,46.199222,6.23652,84
Annemasse,2022,46.199222,6.23652,98
Arcachon,2016,44.659009,-1.16523,48
Arcachon,2017,44.659009,-1.16523,161
Arcachon,2018,44.659009,-1.16523,65
Arcachon,2019,44.659009,-1.16523,33
Arcachon,2020,44.659009,-1.16523,9
Arcachon,2021,44.659009,-1.16523,4
Arcachon,2022,44.659009,-1.16523,1
Argentan,2014,48.738545,-0.025291,11
Argentan,2015,48.738545,-0.025291,8
Argentan,2016,48.738545,-0.025291,5
Argentan,2017,48.738545,-0.025291,30
Argentan,2018,48.738545,-0.025291,45
Argentan,2019,48.738545,-0.025291,45
Argentan,2020,48.738545,-0.025291,11
Argentan,2021,48.738545,-0.025291,7
Argentan,2022,48.738545,-0.025291,6
Argenteuil,2014,48.94686,2.25727,55
Argenteuil,2019,48.94686,2.25727,4
Argenteuil,2020,48.94686,2.25727,12
Argenteuil,2021,48.94686,2.25727,55
Argenteuil,2022,48.94686,2.25727,69
Aroport Charles de Gaulle 2 TGV,2013,49.003652,2.570892,1
Aroport Charles de Gaulle 2 TGV,2014,49.003652,2.570892,378
Aroport Charles de Gaulle 2 TGV,2015,49.003652,2.570892,629
Aroport Charles de Gaulle 2 TGV,2016,49.003652,2.570892,712
Aroport Charles de Gaulle 2 TGV,2017,49.003652,2.570892,788
Aroport Charles de Gaulle 2 TGV,2018,49.003652,2.570892,857
Aroport Charles de Gaulle 2 TGV,2019,49.003652,2.570892,734
Aroport Charles de Gaulle 2 TGV,2020,49.003652,2.570892,420
Aroport Charles de Gaulle 2 TGV,2021,49.003652,2.570892,553
Aroport Charles de Gaulle 2 TGV,2022,49.003652,2.570892,421
Arras,2014,50.286673,2.781942,77
Arras,2015,50.286673,2.781942,107
Arras,2016,50.286673,2.781942,154
Arras,2017,50.286673,2.781942,156
Arras,2018,50.286673,2.781942,106
Arras,2019,50.286673,2.781942,64
Arras,2020,50.286673,2.781942,49
Arras,2021,50.286673,2.781942,74
Arras,2022,50.286673,2.781942,48
Aulnoye-Aymeries,2014,50.19749,3.84337,3
Aulnoye-Aymeries,2015,50.19749,3.84337,1
Aulnoye-Aymeries,2016,50.19749,3.84337,7
Aulnoye-Aymeries,2017,50.19749,3.84337,6
Aulnoye-Aymeries,2018,50.19749,3.84337,2
Aulnoye-Aymeries,2019,50.19749,3.84337,2
Aulnoye-Aymeries,2020,50.19749,3.84337,1
Aulnoye-Aymeries,2022,50.19749,3.84337,1
Auray,2014,47.68022,-2.999995,14
Auray,2015,47.68022,-2.999995,14
Auray,2016,47.68022,-2.999995,4
Auray,2017,47.68022,-2.999995,20
Auray,2018,47.68022,-2.999995,15
Auray,2019,47.68022,-2.999995,18
Auray,2021,47.68022,-2.999995,4
Auray,2022,47.68022,-2.999995,23
Avignon Centre,2014,43.9419,4.805281,469
Avignon Centre,2015,43.9419,4.805281,435
Avignon Centre,2016,43.9419,4.805281,446
Avignon Centre,2017,43.9419,4.805281,370
Avignon Centre,2018,43.9419,4.805281,16
Avignon TGV,2014,43.921586,4.786079,243
Avignon TGV,2015,43.921586,4.786079,275
Avignon TGV,2016,43.921586,4.786079,301
Avignon TGV,2017,43.921586,4.786079,266
Avignon TGV,2018,43.921586,4.786079,558
Avignon TGV,2019,43.921586,4.786079,586
Avignon TGV,2020,43.921586,4.786079,364
Avignon TGV,2021,43.921586,4.786079,683
Avignon TGV,2022,43.921586,4.786079,791
Bar-le-Duc,2014,48.773308,5.166822,1
Bar-le-Duc,2015,48.773308,5.166822,6
Bayonne,2014,43.496801,-1.470306,62
Bayonne,2015,43.496801,-1.470306,143
Bayonne,2016,43.496801,-1.470306,101
Bayonne,2017,43.496801,-1.470306,202
Bayonne,2018,43.496801,-1.470306,149
Bayonne,2019,43.496801,-1.470306,116
Bayonne,2020,43.496801,-1.470306,55
Bayonne,2021,43.496801,-1.470306,71
Bayonne,2022,43.496801,-1.470306,135
Beauvais,2014,49.42648,2.08869,39
Beauvais,2015,49.42648,2.08869,70
Beauvais,2016,49.42648,2.08869,90
Beauvais,2017,49.42648,2.08869,60
Beauvais,2018,49.42648,2.08869,75
Beauvais,2019,49.42648,2.08869,77
Beauvais,2020,49.42648,2.08869,69
Beauvais,2021,49.42648,2.08869,62
Beauvais,2022,49.42648,2.08869,61
Belfort,2014,47.633284,6.853956,12
Belfort,2015,47.633284,6.853956,11
Belfort,2016,47.633284,6.853956,13
Belfort,2017,47.633284,6.853956,24
Belfort,2018,47.633284,6.853956,16
Belfort,2019,47.633284,6.853956,6
Belfort,2021,47.633284,6.853956,1
Belfort,2022,47.633284,6.853956,1
Belfort - Montbliard TGV,2014,47.585937,6.897687,58
Belfort - Montbliard TGV,2015,47.585937,6.897687,42
Belfort - Montbliard TGV,2016,47.585937,6.897687,37
Belfort - Montbliard TGV,2017,47.585937,6.897687,42
Belfort - Montbliard TGV,2018,47.585937,6.897687,47
Belfort - Montbliard TGV,2019,47.585937,6.897687,46
Belfort - Montbliard TGV,2020,47.585937,6.897687,20
Belfort - Montbliard TGV,2021,47.585937,6.897687,27
Belfort - Montbliard TGV,2022,47.585937,6.897687,11
Bellegarde-sur-Valserine,2014,46.109425,5.823483,171
Bellegarde-sur-Valserine,2015,46.109425,5.823483,219
Bellegarde-sur-Valserine,2016,46.109425,5.823483,168
Bellegarde-sur-Valserine,2017,46.109425,5.823483,131
Bellegarde-sur-Valserine,2018,46.109425,5.823483,94
Bellegarde-sur-Valserine,2019,46.109425,5.823483,98
Bellegarde-sur-Valserine,2020,46.109425,5.823483,68
Bellegarde-sur-Valserine,2021,46.109425,5.823483,80
Bellegarde-sur-Valserine,2022,46.109425,5.823483,87
Bergerac,2017,44.857061,0.489174,6
Bergerac,2018,44.857061,0.489174,4
Bergerac,2019,44.857061,0.489174,2
Bergerac,2020,44.857061,0.489174,32
Bergerac,2021,44.857061,0.489174,79
Bergerac,2022,44.857061,0.489174,153
Besanon Viotte,2013,47.247019,6.022003,73
Besanon Viotte,2014,47.247019,6.022003,796
Besanon Viotte,2015,47.247019,6.022003,453
Besanon Viotte,2016,47.247019,6.022003,367
Besanon Viotte,2017,47.247019,6.022003,289
Besanon Viotte,2018,47.247019,6.022003,186
Besanon Viotte,2019,47.247019,6.022003,167
Besanon Viotte,2020,47.247019,6.022003,120
Besanon Viotte,2021,47.247019,6.022003,186
Besanon Viotte,2022,47.247019,6.022003,263
Biarritz,2014,43.459397,-1.545915,12
Biarritz,2015,43.459397,-1.545915,4
Blois - Chambord,2014,47.585445,1.323823,67
Blois - Chambord,2015,47.585445,1.323823,179
Blois - Chambord,2016,47.585445,1.323823,133
Blois - Chambord,2017,47.585445,1.323823,77
Blois - Chambord,2018,47.585445,1.323823,47
Blois - Chambord,2019,47.585445,1.323823,44
Blois - Chambord,2020,47.585445,1.323823,19
Blois - Chambord,2021,47.585445,1.323823,25
Blois - Chambord,2022,47.585445,1.323823,23
Bordeaux Saint-Jean,2014,44.825873,-0.556697,2665
Bordeaux Saint-Jean,2015,44.825873,-0.556697,2548
Bordeaux Saint-Jean,2016,44.825873,-0.556697,2618
Bordeaux Saint-Jean,2017,44.825873,-0.556697,3472
Bordeaux Saint-Jean,2018,44.825873,-0.556697,3934
Bordeaux Saint-Jean,2019,44.825873,-0.556697,4178
Bordeaux Saint-Jean,2020,44.825873,-0.556697,2091
Bordeaux Saint-Jean,2021,44.825873,-0.556697,2533
Bordeaux Saint-Jean,2022,44.825873,-0.556697,3040
Boulogne-sur-Mer,2014,50.7157,1.60964,133
Boulogne-sur-Mer,2015,50.7157,1.60964,127
Boulogne-sur-Mer,2016,50.7157,1.60964,160
Boulogne-sur-Mer,2017,50.7157,1.60964,224
Boulogne-sur-Mer,2018,50.7157,1.60964,294
Boulogne-sur-Mer,2019,50.7157,1.60964,294
Boulogne-sur-Mer,2020,50.7157,1.60964,83
Boulogne-sur-Mer,2021,50.7157,1.60964,143
Boulogne-sur-Mer,2022,50.7157,1.60964,136
Bourg-Saint-Maurice,2014,45.619036,6.771273,26
Bourg-Saint-Maurice,2015,45.619036,6.771273,96
Bourg-Saint-Maurice,2016,45.619036,6.771273,131
Bourg-Saint-Maurice,2017,45.619036,6.771273,127
Bourg-Saint-Maurice,2018,45.619036,6.771273,122
Bourg-Saint-Maurice,2019,45.619036,6.771273,98
Bourg-Saint-Maurice,2020,45.619036,6.771273,71
Bourg-Saint-Maurice,2021,45.619036,6.771273,64
Bourg-Saint-Maurice,2022,45.619036,6.771273,173
Bourg-en-Bresse,2014,46.200351,5.215063,68
Bourg-en-Bresse,2015,46.200351,5.215063,116
Bourg-en-Bresse,2016,46.200351,5.215063,191
Bourg-en-Bresse,2017,46.200351,5.215063,130
Bourg-en-Bresse,2018,46.200351,5.215063,99
Bourg-en-Bresse,2019,46.200351,5.215063,88
Bourg-en-Bresse,2020,46.200351,5.215063,29
Bourg-en-Bresse,2021,46.200351,5.215063,31
Bourg-en-Bresse,2022,46.200351,5.215063,86
Bourges,2014,47.094145,2.394255,275
Bourges,2015,47.094145,2.394255,413
Bourges,2016,47.094145,2.394255,323
Bourges,2017,47.094145,2.394255,328
Bourges,2018,47.094145,2.394255,299
Bourges,2019,47.094145,2.394255,400
Bourges,2020,47.094145,2.394255,196
Bourges,2021,47.094145,2.394255,234
Bourges,2022,47.094145,2.394255,339
Brest,2014,48.38811,-4.478903,1371
Brest,2015,48.38811,-4.478903,2026
Brest,2016,48.38811,-4.478903,1894
Brest,2017,48.38811,-4.478903,1898
Brest,2018,48.38811,-4.478903,1845
Brest,2019,48.38811,-4.478903,1863
Brest,2020,48.38811,-4.478903,1226
Brest,2021,48.38811,-4.478903,1518
Brest,2022,48.38811,-4.478903,2082
Brianon,2014,44.889853,6.633007,5
Brianon,2015,44.889853,6.633007,12
Brianon,2016,44.889853,6.633007,19
Brianon,2017,44.889853,6.633007,36
Brianon,2018,44.889853,6.633007,27
Brianon,2019,44.889853,6.633007,26
Brianon,2020,44.889853,6.633007,28
Brianon,2021,44.889853,6.633007,25
Brianon,2022,44.889853,6.633007,34
Brive-la-Gaillarde,2014,45.152618,1.528655,241
Brive-la-Gaillarde,2015,45.152618,1.528655,286
Brive-la-Gaillarde,2016,45.152618,1.528655,228
Brive-la-Gaillarde,2017,45.152618,1.528655,304
Brive-la-Gaillarde,2018,45.152618,1.528655,418
Brive-la-Gaillarde,2019,45.152618,1.528655,422
Brive-la-Gaillarde,2020,45.152618,1.528655,203
Brive-la-Gaillarde,2021,45.152618,1.528655,246
Brive-la-Gaillarde,2022,45.152618,1.528655,323
Bthune,2014,50.52144,2.64055,6
Bthune,2015,50.52144,2.64055,9
Bthune,2016,50.52144,2.64055,45
Bthune,2017,50.52144,2.64055,25
Bthune,2018,50.52144,2.64055,10
Bthune,2022,50.52144,2.64055,1
Bziers,2013,43.33633,3.218873,6
Bziers,2014,43.33633,3.218873,178
Bziers,2015,43.33633,3.218873,304
Bziers,2016,43.33633,3.218873,270
Bziers,2017,43.33633,3.218873,246
Bziers,2018,43.33633,3.218873,260
Bziers,2019,43.33633,3.218873,191
Bziers,2020,43.33633,3.218873,71
Bziers,2021,43.33633,3.218873,120
Bziers,2022,43.33633,3.218873,65
Caen,2014,49.176354,-0.347613,671
Caen,2015,49.176354,-0.347613,1278
Caen,2016,49.176354,-0.347613,1130
Caen,2017,49.176354,-0.347613,953
Caen,2018,49.176354,-0.347613,605
Caen,2019,49.176354,-0.347613,550
Caen,2020,49.176354,-0.347613,269
Caen,2021,49.176354,-0.347613,292
Caen,2022,49.176354,-0.347613,423
Calais,2014,50.953481,1.850819,131
Calais,2015,50.953481,1.850819,133
Calais,2016,50.953481,1.850819,65
Calais,2017,50.953481,1.850819,91
Calais,2018,50.953481,1.850819,73
Calais,2019,50.953481,1.850819,64
Calais,2020,50.953481,1.850819,37
Calais,2021,50.953481,1.850819,57
Calais,2022,50.953481,1.850819,50
Calais - Frthun,2014,50.901221,1.810891,28
Calais - Frthun,2015,50.901221,1.810891,22
Calais - Frthun,2016,50.901221,1.810891,20
Calais - Frthun,2017,50.901221,1.810891,25
Calais - Frthun,2018,50.901221,1.810891,12
Cambrai,2014,50.17662,3.24118,21
Cambrai,2015,50.17662,3.24118,13
Cambrai,2016,50.17662,3.24118,3
Cambrai,2017,50.17662,3.24118,1
Cambrai,2022,50.17662,3.24118,2
Cannes,2015,43.553839,7.019682,203
Cannes,2016,43.553839,7.019682,347
Cannes,2017,43.553839,7.019682,258
Cannes,2018,43.553839,7.019682,166
Cannes,2019,43.553839,7.019682,230
Cannes,2020,43.553839,7.019682,134
Cannes,2021,43.553839,7.019682,216
Cannes,2022,43.553839,7.019682,194
Carcassonne,2014,43.218029,2.351824,60
Carcassonne,2015,43.218029,2.351824,83
Carcassonne,2016,43.218029,2.351824,52
Carcassonne,2017,43.218029,2.351824,79
Carcassonne,2018,43.218029,2.351824,46
Carcassonne,2019,43.218029,2.351824,47
Carcassonne,2020,43.218029,2.351824,25
Carcassonne,2021,43.218029,2.351824,52
Carcassonne,2022,43.218029,2.351824,86
Cerbre,2014,42.4417732,3.1634033,78
Cerbre,2015,42.4417732,3.1634033,28
Cerbre,2016,42.4417732,3.1634033,5
Cergy le Haut,2014,49.0484932,2.0118725,187
Cergy le Haut,2015,49.0484932,2.0118725,36
Cergy le Haut,2016,49.0484932,2.0118725,7
Chalon-sur-Sane,2014,46.781612,4.843454,37
Chalon-sur-Sane,2015,46.781612,4.843454,20
Chalon-sur-Sane,2016,46.781612,4.843454,54
Chalon-sur-Sane,2017,46.781612,4.843454,33
Chalon-sur-Sane,2018,46.781612,4.843454,4
Chalon-sur-Sane,2019,46.781612,4.843454,1
Chambry - Challes-les-Eaux,2014,45.571302,5.919547,604
Chambry - Challes-les-Eaux,2015,45.571302,5.919547,706
Chambry - Challes-les-Eaux,2016,45.571302,5.919547,692
Chambry - Challes-les-Eaux,2017,45.571302,5.919547,571
Chambry - Challes-les-Eaux,2018,45.571302,5.919547,231
Chambry - Challes-les-Eaux,2019,45.571302,5.919547,431
Chambry - Challes-les-Eaux,2020,45.571302,5.919547,109
Chambry - Challes-les-Eaux,2021,45.571302,5.919547,291
Chambry - Challes-les-Eaux,2022,45.571302,5.919547,370
Charleville-Mzires,2014,49.767915,4.724952,34
Charleville-Mzires,2015,49.767915,4.724952,12
Charleville-Mzires,2016,49.767915,4.724952,29
Charleville-Mzires,2017,49.767915,4.724952,38
Charleville-Mzires,2018,49.767915,4.724952,15
Charleville-Mzires,2019,49.767915,4.724952,23
Charleville-Mzires,2020,49.767915,4.724952,6
Chartres,2014,48.4482023,1.4813128,328
Chartres,2015,48.4482023,1.4813128,446
Chartres,2016,48.4482023,1.4813128,343
Chartres,2017,48.4482023,1.4813128,319
Chartres,2018,48.4482023,1.4813128,208
Chartres,2019,48.4482023,1.4813128,134
Chartres,2020,48.4482023,1.4813128,63
Chartres,2021,48.4482023,1.4813128,191
Chartres,2022,48.4482023,1.4813128,171
Cherbourg-en-Cotentin,2014,49.633505,-1.621515,534
Cherbourg-en-Cotentin,2015,49.633505,-1.621515,609
Cherbourg-en-Cotentin,2016,49.633505,-1.621515,711
Cherbourg-en-Cotentin,2017,49.633505,-1.621515,721
Cherbourg-en-Cotentin,2018,49.633505,-1.621515,608
Cherbourg-en-Cotentin,2019,49.633505,-1.621515,732
Cherbourg-en-Cotentin,2020,49.633505,-1.621515,327
Cherbourg-en-Cotentin,2021,49.633505,-1.621515,401
Cherbourg-en-Cotentin,2022,49.633505,-1.621515,409
Chlons-en-Champagne,2014,48.955252,4.348656,6
Chlons-en-Champagne,2015,48.955252,4.348656,23
Chlons-en-Champagne,2016,48.955252,4.348656,46
Chlons-en-Champagne,2017,48.955252,4.348656,74
Chlons-en-Champagne,2018,48.955252,4.348656,68
Chlons-en-Champagne,2019,48.955252,4.348656,61
Chlons-en-Champagne,2020,48.955252,4.348656,9
Chteauroux,2014,46.809737,1.699536,120
Chteauroux,2015,46.809737,1.699536,92
Chteauroux,2016,46.809737,1.699536,61
Chteauroux,2017,46.809737,1.699536,58
Chteauroux,2018,46.809737,1.699536,59
Chteauroux,2019,46.809737,1.699536,47
Chteauroux,2020,46.809737,1.699536,32
Chteauroux,2021,46.809737,1.699536,41
Chteauroux,2022,46.809737,1.699536,55
Chtellerault,2013,46.818594,0.549279,5
Chtellerault,2014,46.818594,0.549279,7
Chtellerault,2015,46.818594,0.549279,41
Chtellerault,2016,46.818594,0.549279,29
Chtellerault,2017,46.818594,0.549279,8
Chtellerault,2018,46.818594,0.549279,37
Chtellerault,2019,46.818594,0.549279,40
Chtellerault,2020,46.818594,0.549279,39
Chtellerault,2021,46.818594,0.549279,53
Chtellerault,2022,46.818594,0.549279,79
Clermont-Ferrand,2013,45.778945,3.100543,1
Clermont-Ferrand,2014,45.778945,3.100543,992
Clermont-Ferrand,2015,45.778945,3.100543,768
Clermont-Ferrand,2016,45.778945,3.100543,324
Clermont-Ferrand,2017,45.778945,3.100543,704
Clermont-Ferrand,2018,45.778945,3.100543,684
Clermont-Ferrand,2019,45.778945,3.100543,741
Clermont-Ferrand,2020,45.778945,3.100543,323
Clermont-Ferrand,2021,45.778945,3.100543,415
Clermont-Ferrand,2022,45.778945,3.100543,472
Colmar,2013,48.073201,7.346967,93
Colmar,2014,48.073201,7.346967,154
Colmar,2015,48.073201,7.346967,244
Colmar,2016,48.073201,7.346967,238
Colmar,2017,48.073201,7.346967,297
Colmar,2018,48.073201,7.346967,249
Colmar,2019,48.073201,7.346967,208
Colmar,2020,48.073201,7.346967,63
Colmar,2021,48.073201,7.346967,143
Colmar,2022,48.073201,7.346967,166
Compigne,2014,49.422005,2.823679,226
Compigne,2015,49.422005,2.823679,183
Compigne,2016,49.422005,2.823679,148
Compigne,2017,49.422005,2.823679,144
Compigne,2018,49.422005,2.823679,117
Compigne,2019,49.422005,2.823679,95
Compigne,2020,49.422005,2.823679,56
Compigne,2021,49.422005,2.823679,48
Compigne,2022,49.422005,2.823679,69
Conflans-Sainte-Honorine,2014,48.99646,2.09783,26
Conflans-Sainte-Honorine,2015,48.99646,2.09783,3
Conflans-Sainte-Honorine,2016,48.99646,2.09783,1
Conflans-Sainte-Honorine,2017,48.99646,2.09783,16
Conflans-Sainte-Honorine,2018,48.99646,2.09783,63
Conflans-Sainte-Honorine,2019,48.99646,2.09783,95
Conflans-Sainte-Honorine,2020,48.99646,2.09783,48
Conflans-Sainte-Honorine,2021,48.99646,2.09783,71
Conflans-Sainte-Honorine,2022,48.99646,2.09783,38
Coutances,2014,49.042928,-1.441726,5
Coutances,2015,49.042928,-1.441726,4
Coutances,2016,49.042928,-1.441726,2
Coutances,2017,49.042928,-1.441726,12
Coutances,2018,49.042928,-1.441726,3
Creil,2013,49.263757,2.4692439,19
Creil,2014,49.263757,2.4692439,177
Creil,2015,49.263757,2.4692439,315
Creil,2016,49.263757,2.4692439,312
Creil,2017,49.263757,2.4692439,152
Creil,2018,49.263757,2.4692439,169
Creil,2019,49.263757,2.4692439,110
Creil,2020,49.263757,2.4692439,11
Creil,2021,49.263757,2.4692439,17
Creil,2022,49.263757,2.4692439,26
Dax,2013,43.720472,-1.050301,11
Dax,2014,43.720472,-1.050301,90
Dax,2015,43.720472,-1.050301,92
Dax,2016,43.720472,-1.050301,144
Dax,2017,43.720472,-1.050301,177
Dax,2018,43.720472,-1.050301,121
Dax,2019,43.720472,-1.050301,133
Dax,2020,43.720472,-1.050301,82
Dax,2021,43.720472,-1.050301,91
Dax,2022,43.720472,-1.050301,75
Dieppe,2014,49.921788,1.081133,20
Dieppe,2015,49.921788,1.081133,27
Dieppe,2016,49.921788,1.081133,8
Dieppe,2017,49.921788,1.081133,8
Dieppe,2018,49.921788,1.081133,9
Dieppe,2019,49.921788,1.081133,15
Dieppe,2020,49.921788,1.081133,3
Dieppe,2021,49.921788,1.081133,10
Dieppe,2022,49.921788,1.081133,10
Dijon,2013,47.32337,5.027208,25
Dijon,2014,47.32337,5.027208,449
Dijon,2015,47.32337,5.027208,457
Dijon,2016,47.32337,5.027208,862
Dijon,2017,47.32337,5.027208,829
Dijon,2018,47.32337,5.027208,858
Dijon,2019,47.32337,5.027208,871
Dijon,2020,47.32337,5.027208,502
Dijon,2021,47.32337,5.027208,462
Dijon,2022,47.32337,5.027208,620
Douai,2014,50.371677,3.089986,94
Douai,2015,50.371677,3.089986,127
Douai,2016,50.371677,3.089986,143
Douai,2017,50.371677,3.089986,147
Douai,2018,50.371677,3.089986,71
Douai,2019,50.371677,3.089986,62
Douai,2020,50.371677,3.089986,46
Douai,2021,50.371677,3.089986,42
Douai,2022,50.371677,3.089986,28
Dunkerque,2014,51.03047,2.368961,213
Dunkerque,2015,51.03047,2.368961,348
Dunkerque,2016,51.03047,2.368961,267
Dunkerque,2017,51.03047,2.368961,343
Dunkerque,2018,51.03047,2.368961,270
Dunkerque,2019,51.03047,2.368961,346
Dunkerque,2020,51.03047,2.368961,121
Dunkerque,2021,51.03047,2.368961,205
Dunkerque,2022,51.03047,2.368961,253
Elbeuf - Saint-Aubin,2014,49.302766,1.00993,6
Elbeuf - Saint-Aubin,2015,49.302766,1.00993,11
Elbeuf - Saint-Aubin,2016,49.302766,1.00993,18
Elbeuf - Saint-Aubin,2017,49.302766,1.00993,27
Elbeuf - Saint-Aubin,2018,49.302766,1.00993,4
Forbach,2015,49.1892278,6.9013184,1
Granville,2014,48.838456,-1.587757,50
Granville,2015,48.838456,-1.587757,45
Granville,2016,48.838456,-1.587757,41
Granville,2017,48.838456,-1.587757,52
Granville,2018,48.838456,-1.587757,132
Granville,2019,48.838456,-1.587757,173
Granville,2020,48.838456,-1.587757,103
Granville,2021,48.838456,-1.587757,148
Granville,2022,48.838456,-1.587757,170
Grenoble,2014,45.191493,5.714584,810
Grenoble,2015,45.191493,5.714584,636
Grenoble,2016,45.191493,5.714584,692
Grenoble,2017,45.191493,5.714584,851
Grenoble,2018,45.191493,5.714584,776
Grenoble,2019,45.191493,5.714584,1215
Grenoble,2020,45.191493,5.714584,813
Grenoble,2021,45.191493,5.714584,349
Grenoble,2022,45.191493,5.714584,282
Guingamp,2014,48.555659,-3.143343,66
Guingamp,2015,48.555659,-3.143343,147
Guingamp,2016,48.555659,-3.143343,85
Guingamp,2017,48.555659,-3.143343,64
Guingamp,2018,48.555659,-3.143343,50
Guingamp,2019,48.555659,-3.143343,18
Guingamp,2020,48.555659,-3.143343,3
Guingamp,2021,48.555659,-3.143343,4
Haguenau,2014,48.8134498,7.7827255,21
Haguenau,2015,48.8134498,7.7827255,34
Haguenau,2016,48.8134498,7.7827255,32
Haguenau,2017,48.8134498,7.7827255,82
Haguenau,2018,48.8134498,7.7827255,47
Haguenau,2019,48.8134498,7.7827255,63
Haguenau,2020,48.8134498,7.7827255,53
Haguenau,2021,48.8134498,7.7827255,109
Haguenau,2022,48.8134498,7.7827255,186
Hazebrouck,2014,50.72501,2.54129,64
Hazebrouck,2015,50.72501,2.54129,34
Hazebrouck,2016,50.72501,2.54129,47
Hazebrouck,2017,50.72501,2.54129,82
Hazebrouck,2018,50.72501,2.54129,62
Hazebrouck,2019,50.72501,2.54129,71
Hazebrouck,2020,50.72501,2.54129,49
Hazebrouck,2021,50.72501,2.54129,56
Hazebrouck,2022,50.72501,2.54129,59
Hendaye,2013,43.353132,-1.781724,2
Hendaye,2014,43.353132,-1.781724,505
Hendaye,2015,43.353132,-1.781724,540
Hendaye,2016,43.353132,-1.781724,567
Hendaye,2017,43.353132,-1.781724,766
Hendaye,2018,43.353132,-1.781724,704
Hendaye,2019,43.353132,-1.781724,866
Hendaye,2020,43.353132,-1.781724,854
Hendaye,2021,43.353132,-1.781724,1435
Hendaye,2022,43.353132,-1.781724,1528
La Roche-sur-Yon,2014,46.67212,-1.435621,70
La Roche-sur-Yon,2015,46.67212,-1.435621,127
La Roche-sur-Yon,2016,46.67212,-1.435621,68
La Roche-sur-Yon,2017,46.67212,-1.435621,48
La Roche-sur-Yon,2018,46.67212,-1.435621,86
La Roche-sur-Yon,2019,46.67212,-1.435621,125
La Roche-sur-Yon,2020,46.67212,-1.435621,34
La Roche-sur-Yon,2021,46.67212,-1.435621,48
La Roche-sur-Yon,2022,46.67212,-1.435621,49
La Rochelle,2013,46.15269,-1.145305,10
La Rochelle,2014,46.15269,-1.145305,59
La Rochelle,2015,46.15269,-1.145305,1036
La Rochelle,2016,46.15269,-1.145305,1162
La Rochelle,2017,46.15269,-1.145305,1199
La Rochelle,2018,46.15269,-1.145305,1273
La Rochelle,2019,46.15269,-1.145305,1200
La Rochelle,2020,46.15269,-1.145305,753
La Rochelle,2021,46.15269,-1.145305,805
La Rochelle,2022,46.15269,-1.145305,788
Laon,2014,49.57061,3.62443,29
Laon,2015,49.57061,3.62443,80
Laon,2016,49.57061,3.62443,56
Laon,2017,49.57061,3.62443,33
Laon,2018,49.57061,3.62443,37
Laon,2019,49.57061,3.62443,32
Laon,2020,49.57061,3.62443,23
Laon,2021,49.57061,3.62443,11
Laon,2022,49.57061,3.62443,35
Laroche - Migennes,2014,47.960998,3.513191,41
Laroche - Migennes,2015,47.960998,3.513191,54
Laroche - Migennes,2016,47.960998,3.513191,14
Laroche - Migennes,2017,47.960998,3.513191,155
Laroche - Migennes,2018,47.960998,3.513191,76
Laroche - Migennes,2019,47.960998,3.513191,31
Laroche - Migennes,2020,47.960998,3.513191,61
Laroche - Migennes,2021,47.960998,3.513191,194
Laroche - Migennes,2022,47.960998,3.513191,376
Laval,2014,48.076206,-0.760907,42
Laval,2015,48.076206,-0.760907,94
Laval,2016,48.076206,-0.760907,47
Laval,2017,48.076206,-0.760907,28
Laval,2018,48.076206,-0.760907,29
Laval,2019,48.076206,-0.760907,12
Laval,2021,48.076206,-0.760907,34
Laval,2022,48.076206,-0.760907,27
Le Croisic,2014,47.289836,-2.507442,308
Le Croisic,2015,47.289836,-2.507442,224
Le Croisic,2016,47.289836,-2.507442,211
Le Croisic,2017,47.289836,-2.507442,364
Le Croisic,2018,47.289836,-2.507442,421
Le Croisic,2019,47.289836,-2.507442,354
Le Croisic,2021,47.289836,-2.507442,1
Le Havre,2013,49.492996,0.125677,1
Le Havre,2014,49.492996,0.125677,883
Le Havre,2015,49.492996,0.125677,891
Le Havre,2016,49.492996,0.125677,608
Le Havre,2017,49.492996,0.125677,476
Le Havre,2018,49.492996,0.125677,404
Le Havre,2019,49.492996,0.125677,259
Le Havre,2020,49.492996,0.125677,83
Le Havre,2021,49.492996,0.125677,132
Le Havre,2022,49.492996,0.125677,213
Le Mans,2014,47.995689,0.192578,911
Le Mans,2015,47.995689,0.192578,1238
Le Mans,2016,47.995689,0.192578,1247
Le Mans,2017,47.995689,0.192578,1130
Le Mans,2018,47.995689,0.192578,558
Le Mans,2019,47.995689,0.192578,378
Le Mans,2020,47.995689,0.192578,501
Le Mans,2021,47.995689,0.192578,642
Le Mans,2022,47.995689,0.192578,540
Lens,2014,50.426818,2.828254,16
Lens,2015,50.426818,2.828254,19
Lens,2016,50.426818,2.828254,10
Lens,2017,50.426818,2.828254,4
Lens,2018,50.426818,2.828254,39
Lens,2019,50.426818,2.828254,72
Lens,2020,50.426818,2.828254,55
Lens,2021,50.426818,2.828254,27
Lens,2022,50.426818,2.828254,23
Les Aubrais,2014,47.926801,1.906629,145
Les Aubrais,2015,47.926801,1.906629,163
Les Aubrais,2016,47.926801,1.906629,240
Les Aubrais,2017,47.926801,1.906629,194
Les Aubrais,2018,47.926801,1.906629,189
Les Aubrais,2019,47.926801,1.906629,168
Les Aubrais,2020,47.926801,1.906629,74
Les Aubrais,2021,47.926801,1.906629,123
Les Aubrais,2022,47.926801,1.906629,124
Libourne,2015,44.915888,-0.236344,36
Libourne,2016,44.915888,-0.236344,90
Libourne,2017,44.915888,-0.236344,83
Libourne,2018,44.915888,-0.236344,58
Libourne,2019,44.915888,-0.236344,69
Libourne,2020,44.915888,-0.236344,27
Libourne,2021,44.915888,-0.236344,30
Libourne,2022,44.915888,-0.236344,56
Lille Europe,2013,50.639224,3.075796,637
Lille Europe,2014,50.639224,3.075796,3910
Lille Europe,2015,50.639224,3.075796,4149
Lille Europe,2016,50.639224,3.075796,4131
Lille Europe,2017,50.639224,3.075796,4614
Lille Europe,2018,50.639224,3.075796,4364
Lille Europe,2019,50.639224,3.075796,3005
Lille Europe,2020,50.639224,3.075796,1526
Lille Europe,2021,50.639224,3.075796,1915
Lille Europe,2022,50.639224,3.075796,2538
Lille Flandres,2017,50.636577,3.06987,9
Limoges Bndictins,2013,45.836089,1.267356,3
Limoges Bndictins,2014,45.836089,1.267356,255
Limoges Bndictins,2015,45.836089,1.267356,396
Limoges Bndictins,2016,45.836089,1.267356,395
Limoges Bndictins,2017,45.836089,1.267356,381
Limoges Bndictins,2018,45.836089,1.267356,343
Limoges Bndictins,2019,45.836089,1.267356,324
Limoges Bndictins,2020,45.836089,1.267356,163
Limoges Bndictins,2021,45.836089,1.267356,233
Limoges Bndictins,2022,45.836089,1.267356,313
Lisieux,2014,49.138299,0.231143,98
Lisieux,2015,49.138299,0.231143,56
Lisieux,2016,49.138299,0.231143,35
Lisieux,2017,49.138299,0.231143,42
Lisieux,2018,49.138299,0.231143,47
Lisieux,2019,49.138299,0.231143,32
Lisieux,2020,49.138299,0.231143,14
Lisieux,2021,49.138299,0.231143,15
Lisieux,2022,49.138299,0.231143,25
Lorient Bretagne Sud,2014,47.755597,-3.366221,79
Lorient Bretagne Sud,2015,47.755597,-3.366221,97
Lorient Bretagne Sud,2016,47.755597,-3.366221,168
Lorient Bretagne Sud,2017,47.755597,-3.366221,200
Lorient Bretagne Sud,2018,47.755597,-3.366221,110
Lorient Bretagne Sud,2019,47.755597,-3.366221,69
Lorient Bretagne Sud,2020,47.755597,-3.366221,19
Lorient Bretagne Sud,2021,47.755597,-3.366221,71
Lorient Bretagne Sud,2022,47.755597,-3.366221,42
Lourdes,2014,43.10037,-0.042174,11
Lourdes,2015,43.10037,-0.042174,9
Lourdes,2016,43.10037,-0.042174,26
Lourdes,2017,43.10037,-0.042174,30
Lourdes,2018,43.10037,-0.042174,28
Lourdes,2019,43.10037,-0.042174,22
Lourdes,2020,43.10037,-0.042174,9
Lourdes,2021,43.10037,-0.042174,17
Lourdes,2022,43.10037,-0.042174,18
Lunville,2014,48.588233,6.49727,27
Lunville,2015,48.588233,6.49727,15
Lunville,2016,48.588233,6.49727,28
Lunville,2017,48.588233,6.49727,42
Lunville,2018,48.588233,6.49727,40
Lunville,2019,48.588233,6.49727,26
Lunville,2020,48.588233,6.49727,12
Lunville,2021,48.588233,6.49727,7
Lunville,2022,48.588233,6.49727,26
Lyon Part Dieu,2013,45.760559,4.859355,55
Lyon Part Dieu,2014,45.760559,4.859355,1885
Lyon Part Dieu,2015,45.760559,4.859355,2126
Lyon Part Dieu,2016,45.760559,4.859355,2766
Lyon Part Dieu,2017,45.760559,4.859355,2643
Lyon Part Dieu,2018,45.760559,4.859355,1672
Lyon Part Dieu,2019,45.760559,4.859355,1303
Lyon Part Dieu,2020,45.760559,4.859355,814
Lyon Part Dieu,2021,45.760559,4.859355,1174
Lyon Part Dieu,2022,45.760559,4.859355,1772
Lyon Perrache,2013,45.748476,4.825733,146
Lyon Perrache,2014,45.748476,4.825733,2159
Lyon Perrache,2015,45.748476,4.825733,2329
Lyon Perrache,2016,45.748476,4.825733,2533
Lyon Perrache,2017,45.748476,4.825733,2267
Lyon Perrache,2018,45.748476,4.825733,1982
Lyon Perrache,2019,45.748476,4.825733,2062
Lyon Perrache,2020,45.748476,4.825733,1228
Lyon Perrache,2021,45.748476,4.825733,1487
Lyon Perrache,2022,45.748476,4.825733,2061
Mantes-la-Jolie,2014,48.98984,1.70337,162
Mantes-la-Jolie,2015,48.98984,1.70337,214
Mantes-la-Jolie,2016,48.98984,1.70337,252
Mantes-la-Jolie,2017,48.98984,1.70337,213
Mantes-la-Jolie,2018,48.98984,1.70337,177
Mantes-la-Jolie,2019,48.98984,1.70337,181
Mantes-la-Jolie,2020,48.98984,1.70337,76
Mantes-la-Jolie,2021,48.98984,1.70337,70
Mantes-la-Jolie,2022,48.98984,1.70337,135
Marmande,2018,44.503019,0.168044,101
Marmande,2019,44.503019,0.168044,58
Marmande,2020,44.503019,0.168044,29
Marmande,2021,44.503019,0.168044,39
Marmande,2022,44.503019,0.168044,73
Marne-la-Valle Chessy,2014,48.869856,2.78272,566
Marne-la-Valle Chessy,2015,48.869856,2.78272,672
Marne-la-Valle Chessy,2016,48.869856,2.78272,644
Marne-la-Valle Chessy,2017,48.869856,2.78272,553
Marne-la-Valle Chessy,2018,48.869856,2.78272,320
Marne-la-Valle Chessy,2019,48.869856,2.78272,291
Marne-la-Valle Chessy,2020,48.869856,2.78272,99
Marne-la-Valle Chessy,2021,48.869856,2.78272,165
Marne-la-Valle Chessy,2022,48.869856,2.78272,185
Marseille Saint-Charles,2013,43.302666,5.380407,192
Marseille Saint-Charles,2014,43.302666,5.380407,2761
Marseille Saint-Charles,2015,43.302666,5.380407,3339
Marseille Saint-Charles,2016,43.302666,5.380407,3668
Marseille Saint-Charles,2017,43.302666,5.380407,3757
Marseille Saint-Charles,2018,43.302666,5.380407,3642
Marseille Saint-Charles,2019,43.302666,5.380407,3122
Marseille Saint-Charles,2020,43.302666,5.380407,1709
Marseille Saint-Charles,2021,43.302666,5.380407,2142
Marseille Saint-Charles,2022,43.302666,5.380407,2489
Massy TGV,2014,48.725758,2.261254,114
Massy TGV,2015,48.725758,2.261254,155
Massy TGV,2016,48.725758,2.261254,130
Massy TGV,2017,48.725758,2.261254,269
Massy TGV,2018,48.725758,2.261254,213
Massy TGV,2019,48.725758,2.261254,174
Massy TGV,2020,48.725758,2.261254,123
Massy TGV,2021,48.725758,2.261254,176
Massy TGV,2022,48.725758,2.261254,186
Maubeuge,2014,50.27298,3.96677,7
Maubeuge,2015,50.27298,3.96677,8
Maubeuge,2016,50.27298,3.96677,8
Maubeuge,2017,50.27298,3.96677,10
Maubeuge,2018,50.27298,3.96677,5
Maubeuge,2020,50.27298,3.96677,1
Maubeuge,2022,50.27298,3.96677,8
Mcon,2013,46.302572,4.824887,4
Mcon,2014,46.302572,4.824887,50
Mcon,2015,46.302572,4.824887,24
Mcon,2016,46.302572,4.824887,5
Mcon,2017,46.302572,4.824887,11
Mcon,2018,46.302572,4.824887,6
Metz,2013,49.109545,6.176593,266
Metz,2014,49.109545,6.176593,683
Metz,2015,49.109545,6.176593,933
Metz,2016,49.109545,6.176593,697
Metz,2017,49.109545,6.176593,614
Metz,2018,49.109545,6.176593,716
Metz,2019,49.109545,6.176593,782
Metz,2020,49.109545,6.176593,420
Metz,2021,49.109545,6.176593,513
Metz,2022,49.109545,6.176593,429
Modane,2014,45.193365,6.658161,9
Modane,2015,45.193365,6.658161,23
Modane,2016,45.193365,6.658161,24
Modane,2017,45.193365,6.658161,21
Modane,2018,45.193365,6.658161,15
Modane,2019,45.193365,6.658161,14
Modane,2020,45.193365,6.658161,5
Modane,2021,45.193365,6.658161,10
Modane,2022,45.193365,6.658161,12
Molsheim,2014,48.53705,7.50044,14
Molsheim,2015,48.53705,7.50044,2
Molsheim,2016,48.53705,7.50044,3
Montauban Ville Bourbon,2014,44.014387,1.341496,25
Montauban Ville Bourbon,2015,44.014387,1.341496,41
Montauban Ville Bourbon,2016,44.014387,1.341496,38
Montauban Ville Bourbon,2017,44.014387,1.341496,41
Montauban Ville Bourbon,2018,44.014387,1.341496,94
Montauban Ville Bourbon,2019,44.014387,1.341496,25
Montauban Ville Bourbon,2020,44.014387,1.341496,16
Montauban Ville Bourbon,2021,44.014387,1.341496,78
Montauban Ville Bourbon,2022,44.014387,1.341496,132
Montluon,2014,46.338101,2.596159,63
Montluon,2015,46.338101,2.596159,27
Montluon,2016,46.338101,2.596159,28
Montluon,2017,46.338101,2.596159,20
Montluon,2018,46.338101,2.596159,14
Montluon,2019,46.338101,2.596159,14
Montluon,2020,46.338101,2.596159,6
Montluon,2021,46.338101,2.596159,13
Montluon,2022,46.338101,2.596159,9
Montpellier Saint-Roch,2014,43.604738,3.880674,2253
Montpellier Saint-Roch,2015,43.604738,3.880674,2373
Montpellier Saint-Roch,2016,43.604738,3.880674,2524
Montpellier Saint-Roch,2017,43.604738,3.880674,2293
Montpellier Saint-Roch,2018,43.604738,3.880674,1796
Montpellier Saint-Roch,2019,43.604738,3.880674,1618
Montpellier Saint-Roch,2020,43.604738,3.880674,813
Montpellier Saint-Roch,2021,43.604738,3.880674,1027
Montpellier Saint-Roch,2022,43.604738,3.880674,1561
Montpellier Sud de France,2018,43.594787,3.924623,75
Montpellier Sud de France,2019,43.594787,3.924623,154
Montpellier Sud de France,2020,43.594787,3.924623,381
Montpellier Sud de France,2021,43.594787,3.924623,488
Montpellier Sud de France,2022,43.594787,3.924623,568
Morlaix,2014,48.57797,-3.832514,56
Morlaix,2015,48.57797,-3.832514,62
Morlaix,2016,48.57797,-3.832514,85
Morlaix,2017,48.57797,-3.832514,70
Morlaix,2018,48.57797,-3.832514,59
Morlaix,2019,48.57797,-3.832514,29
Morlaix,2020,48.57797,-3.832514,12
Motiers - Salins - Brides-les-Bains,2015,45.486344,6.531425,5
Motiers - Salins - Brides-les-Bains,2016,45.486344,6.531425,26
Motiers - Salins - Brides-les-Bains,2017,45.486344,6.531425,29
Motiers - Salins - Brides-les-Bains,2018,45.486344,6.531425,19
Motiers - Salins - Brides-les-Bains,2019,45.486344,6.531425,17
Motiers - Salins - Brides-les-Bains,2021,45.486344,6.531425,3
Motiers - Salins - Brides-les-Bains,2022,45.486344,6.531425,19
Moulins sur Allier,2013,46.561346,3.338842,1
Moulins sur Allier,2014,46.561346,3.338842,15
Moulins sur Allier,2015,46.561346,3.338842,10
Moulins sur Allier,2016,46.561346,3.338842,7
Moulins sur Allier,2017,46.561346,3.338842,28
Moulins sur Allier,2018,46.561346,3.338842,3
Mulhouse,2014,47.742224,7.342396,1107
Mulhouse,2015,47.742224,7.342396,1400
Mulhouse,2016,47.742224,7.342396,1432
Mulhouse,2017,47.742224,7.342396,1836
Mulhouse,2018,47.742224,7.342396,1897
Mulhouse,2019,47.742224,7.342396,2081
Mulhouse,2020,47.742224,7.342396,1059
Mulhouse,2021,47.742224,7.342396,1312
Mulhouse,2022,47.742224,7.342396,453
Nancy,2013,48.689861,6.174583,494
Nancy,2014,48.689861,6.174583,814
Nancy,2015,48.689861,6.174583,1073
Nancy,2016,48.689861,6.174583,959
Nancy,2017,48.689861,6.174583,837
Nancy,2018,48.689861,6.174583,795
Nancy,2019,48.689861,6.174583,701
Nancy,2020,48.689861,6.174583,409
Nancy,2021,48.689861,6.174583,499
Nancy,2022,48.689861,6.174583,629
Nantes,2014,47.216148,-1.542356,2383
Nantes,2015,47.216148,-1.542356,2715
Nantes,2016,47.216148,-1.542356,2720
Nantes,2017,47.216148,-1.542356,3176
Nantes,2018,47.216148,-1.542356,3112
Nantes,2019,47.216148,-1.542356,2986
Nantes,2020,47.216148,-1.542356,1430
Nantes,2021,47.216148,-1.542356,1448
Nantes,2022,47.216148,-1.542356,2021
Narbonne,2014,43.190387,3.00591,127
Narbonne,2015,43.190387,3.00591,204
Narbonne,2016,43.190387,3.00591,219
Narbonne,2017,43.190387,3.00591,210
Narbonne,2018,43.190387,3.00591,203
Narbonne,2019,43.190387,3.00591,209
Narbonne,2020,43.190387,3.00591,186
Narbonne,2021,43.190387,3.00591,256
Narbonne,2022,43.190387,3.00591,356
Nevers,2014,46.987282,3.150743,208
Nevers,2015,46.987282,3.150743,178
Nevers,2016,46.987282,3.150743,155
Nevers,2017,46.987282,3.150743,247
Nevers,2018,46.987282,3.150743,250
Nevers,2019,46.987282,3.150743,204
Nevers,2020,46.987282,3.150743,109
Nevers,2021,46.987282,3.150743,147
Nevers,2022,46.987282,3.150743,188
Nice,2014,43.704556,7.261904,1949
Nice,2015,43.704556,7.261904,2471
Nice,2016,43.704556,7.261904,2664
Nice,2017,43.704556,7.261904,2034
Nice,2018,43.704556,7.261904,1743
Nice,2019,43.704556,7.261904,1386
Nice,2020,43.704556,7.261904,720
Nice,2021,43.704556,7.261904,942
Nice,2022,43.704556,7.261904,1208
Niort,2014,46.319491,-0.454639,18
Niort,2015,46.319491,-0.454639,116
Niort,2016,46.319491,-0.454639,232
Niort,2017,46.319491,-0.454639,156
Niort,2018,46.319491,-0.454639,115
Niort,2019,46.319491,-0.454639,143
Niort,2020,46.319491,-0.454639,69
Niort,2021,46.319491,-0.454639,124
Niort,2022,46.319491,-0.454639,133
Nmes,2014,43.832291,4.365845,125
Nmes,2015,43.832291,4.365845,196
Nmes,2016,43.832291,4.365845,222
Nmes,2017,43.832291,4.365845,320
Nmes,2018,43.832291,4.365845,268
Nmes,2019,43.832291,4.365845,271
Nmes,2020,43.832291,4.365845,197
Nmes,2021,43.832291,4.365845,365
Nmes,2022,43.832291,4.365845,466
Nmes Pont du Gard,2020,43.81681,4.50768,58
Nmes Pont du Gard,2021,43.81681,4.50768,110
Nmes Pont du Gard,2022,43.81681,4.50768,112
Orlans,2014,47.90796,1.904666,795
Orlans,2015,47.90796,1.904666,930
Orlans,2016,47.90796,1.904666,939
Orlans,2017,47.90796,1.904666,1091
Orlans,2018,47.90796,1.904666,914
Orlans,2019,47.90796,1.904666,981
Orlans,2020,47.90796,1.904666,528
Orlans,2021,47.90796,1.904666,778
Orlans,2022,47.90796,1.904666,977
Paris Austerlitz,2013,48.842285,2.364891,136
Paris Austerlitz,2014,48.842285,2.364891,2396
Paris Austerlitz,2015,48.842285,2.364891,2603
Paris Austerlitz,2016,48.842285,2.364891,1852
Paris Austerlitz,2017,48.842285,2.364891,1807
Paris Austerlitz,2018,48.842285,2.364891,947
Paris Austerlitz,2019,48.842285,2.364891,426
Paris Austerlitz,2020,48.842285,2.364891,239
Paris Austerlitz,2021,48.842285,2.364891,381
Paris Austerlitz,2022,48.842285,2.364891,603
Paris Bercy Bourgogne - Pays d'Auvergne,2014,48.83917,2.38278,150
Paris Bercy Bourgogne - Pays d'Auvergne,2015,48.83917,2.38278,714
Paris Bercy Bourgogne - Pays d'Auvergne,2016,48.83917,2.38278,574
Paris Bercy Bourgogne - Pays d'Auvergne,2017,48.83917,2.38278,541
Paris Bercy Bourgogne - Pays d'Auvergne,2018,48.83917,2.38278,605
Paris Bercy Bourgogne - Pays d'Auvergne,2019,48.83917,2.38278,570
Paris Bercy Bourgogne - Pays d'Auvergne,2020,48.83917,2.38278,325
Paris Bercy Bourgogne - Pays d'Auvergne,2021,48.83917,2.38278,293
Paris Bercy Bourgogne - Pays d'Auvergne,2022,48.83917,2.38278,290
Paris Est,2013,48.876742,2.358424,2822
Paris Est,2014,48.876742,2.358424,4382
Paris Est,2015,48.876742,2.358424,4371
Paris Est,2016,48.876742,2.358424,2336
Paris Est,2017,48.876742,2.358424,1263
Paris Est,2018,48.876742,2.358424,1376
Paris Est,2019,48.876742,2.358424,1589
Paris Est,2020,48.876742,2.358424,844
Paris Est,2021,48.876742,2.358424,980
Paris Est,2022,48.876742,2.358424,1240
Paris Gare de Lyon Hall 1 & 2,2014,48.844888,2.37352,5178
Paris Gare de Lyon Hall 1 & 2,2015,48.844888,2.37352,7067
Paris Gare de Lyon Hall 1 & 2,2016,48.844888,2.37352,7368
Paris Gare de Lyon Hall 1 & 2,2017,48.844888,2.37352,8065
Paris Gare de Lyon Hall 1 & 2,2018,48.844888,2.37352,7002
Paris Gare de Lyon Hall 1 & 2,2019,48.844888,2.37352,7435
Paris Gare de Lyon Hall 1 & 2,2020,48.844888,2.37352,4358
Paris Gare de Lyon Hall 1 & 2,2021,48.844888,2.37352,5154
Paris Gare de Lyon Hall 1 & 2,2022,48.844888,2.37352,6420
Paris Gare du Nord,2013,48.880185,2.355151,1083
Paris Gare du Nord,2014,48.880185,2.355151,6265
Paris Gare du Nord,2015,48.880185,2.355151,5877
Paris Gare du Nord,2016,48.880185,2.355151,5524
Paris Gare du Nord,2017,48.880185,2.355151,5059
Paris Gare du Nord,2018,48.880185,2.355151,5663
Paris Gare du Nord,2019,48.880185,2.355151,5784
Paris Gare du Nord,2020,48.880185,2.355151,2101
Paris Gare du Nord,2021,48.880185,2.355151,2350
Paris Gare du Nord,2022,48.880185,2.355151,3428
Paris Gare du Nord transmanche,2013,48.880185,2.355151,1083
Paris Gare du Nord transmanche,2014,48.880185,2.355151,6265
Paris Gare du Nord transmanche,2015,48.880185,2.355151,5877
Paris Gare du Nord transmanche,2016,48.880185,2.355151,5524
Paris Gare du Nord transmanche,2017,48.880185,2.355151,5059
Paris Gare du Nord transmanche,2018,48.880185,2.355151,5663
Paris Gare du Nord transmanche,2019,48.880185,2.355151,5784
Paris Gare du Nord transmanche,2020,48.880185,2.355151,2101
Paris Gare du Nord transmanche,2021,48.880185,2.355151,2350
Paris Gare du Nord transmanche,2022,48.880185,2.355151,3428
Paris Montparnasse Hall 1 & 2,2013,48.841172,2.320514,1057
Paris Montparnasse Hall 1 & 2,2014,48.841172,2.320514,6942
Paris Montparnasse Hall 1 & 2,2015,48.841172,2.320514,6667
Paris Montparnasse Hall 1 & 2,2016,48.841172,2.320514,5108
Paris Montparnasse Hall 1 & 2,2017,48.841172,2.320514,5548
Paris Montparnasse Hall 1 & 2,2018,48.841172,2.320514,6079
Paris Montparnasse Hall 1 & 2,2019,48.841172,2.320514,6978
Paris Montparnasse Hall 1 & 2,2020,48.841172,2.320514,4113
Paris Montparnasse Hall 1 & 2,2021,48.841172,2.320514,5663
Paris Montparnasse Hall 1 & 2,2022,48.841172,2.320514,6448
Paris Saint-Lazare,2013,48.876242,2.325331,2459
Paris Saint-Lazare,2014,48.876242,2.325331,3702
Paris Saint-Lazare,2015,48.876242,2.325331,3726
Paris Saint-Lazare,2016,48.876242,2.325331,3245
Paris Saint-Lazare,2017,48.876242,2.325331,3049
Paris Saint-Lazare,2018,48.876242,2.325331,3483
Paris Saint-Lazare,2019,48.876242,2.325331,3779
Paris Saint-Lazare,2020,48.876242,2.325331,1595
Paris Saint-Lazare,2021,48.876242,2.325331,3049
Paris Saint-Lazare,2022,48.876242,2.325331,4034
Pau,2013,43.291762,-0.369626,4
Pau,2014,43.291762,-0.369626,64
Pau,2015,43.291762,-0.369626,68
Pau,2016,43.291762,-0.369626,140
Pau,2017,43.291762,-0.369626,237
Pau,2018,43.291762,-0.369626,158
Pau,2019,43.291762,-0.369626,190
Pau,2020,43.291762,-0.369626,112
Pau,2021,43.291762,-0.369626,205
Pau,2022,43.291762,-0.369626,176
Perpignan,2014,42.696292,2.879779,611
Perpignan,2015,42.696292,2.879779,671
Perpignan,2016,42.696292,2.879779,660
Perpignan,2017,42.696292,2.879779,688
Perpignan,2018,42.696292,2.879779,578
Perpignan,2019,42.696292,2.879779,530
Perpignan,2020,42.696292,2.879779,408
Perpignan,2021,42.696292,2.879779,562
Perpignan,2022,42.696292,2.879779,705
Poissy,2014,48.9329014,2.0413676,33
Poissy,2015,48.9329014,2.0413676,42
Poissy,2016,48.9329014,2.0413676,29
Poissy,2017,48.9329014,2.0413676,2
Poitiers,2013,46.582275,0.333241,4
Poitiers,2014,46.582275,0.333241,564
Poitiers,2015,46.582275,0.333241,569
Poitiers,2016,46.582275,0.333241,595
Poitiers,2017,46.582275,0.333241,699
Poitiers,2018,46.582275,0.333241,753
Poitiers,2019,46.582275,0.333241,726
Poitiers,2020,46.582275,0.333241,405
Poitiers,2021,46.582275,0.333241,530
Poitiers,2022,46.582275,0.333241,588
Prigueux,2014,45.187408,0.707879,123
Prigueux,2015,45.187408,0.707879,240
Prigueux,2016,45.187408,0.707879,317
Prigueux,2017,45.187408,0.707879,251
Prigueux,2018,45.187408,0.707879,266
Prigueux,2019,45.187408,0.707879,218
Prigueux,2020,45.187408,0.707879,82
Prigueux,2021,45.187408,0.707879,156
Prigueux,2022,45.187408,0.707879,120
Quimper,2014,47.994455,-4.092103,897
Quimper,2015,47.994455,-4.092103,1011
Quimper,2016,47.994455,-4.092103,982
Quimper,2017,47.994455,-4.092103,1113
Quimper,2018,47.994455,-4.092103,1033
Quimper,2019,47.994455,-4.092103,992
Quimper,2020,47.994455,-4.092103,592
Quimper,2021,47.994455,-4.092103,720
Quimper,2022,47.994455,-4.092103,427
Redon,2014,47.652004,-2.08777,47
Redon,2015,47.652004,-2.08777,27
Redon,2016,47.652004,-2.08777,35
Redon,2017,47.652004,-2.08777,22
Redon,2018,47.652004,-2.08777,24
Redon,2019,47.652004,-2.08777,4
Redon,2020,47.652004,-2.08777,1
Redon,2022,47.652004,-2.08777,19
Reims,2013,49.258978,4.024435,28
Reims,2014,49.258978,4.024435,556
Reims,2015,49.258978,4.024435,461
Reims,2016,49.258978,4.024435,357
Reims,2017,49.258978,4.024435,107
Reims,2018,49.258978,4.024435,84
Reims,2019,49.258978,4.024435,59
Reims,2021,49.258978,4.024435,83
Reims,2022,49.258978,4.024435,82
Remiremont,2016,48.016363,6.598855,132
Remiremont,2017,48.016363,6.598855,158
Remiremont,2018,48.016363,6.598855,88
Remiremont,2019,48.016363,6.598855,95
Remiremont,2020,48.016363,6.598855,15
Remiremont,2021,48.016363,6.598855,32
Remiremont,2022,48.016363,6.598855,8
Rennes,2014,48.103517,-1.672744,2676
Rennes,2015,48.103517,-1.672744,3540
Rennes,2016,48.103517,-1.672744,3441
Rennes,2017,48.103517,-1.672744,3518
Rennes,2018,48.103517,-1.672744,3556
Rennes,2019,48.103517,-1.672744,3698
Rennes,2020,48.103517,-1.672744,1874
Rennes,2021,48.103517,-1.672744,1900
Rennes,2022,48.103517,-1.672744,2665
Riom - Chtel-Guyon,2014,45.889965,3.120498,14
Riom - Chtel-Guyon,2015,45.889965,3.120498,26
Riom - Chtel-Guyon,2016,45.889965,3.120498,23
Riom - Chtel-Guyon,2017,45.889965,3.120498,34
Riom - Chtel-Guyon,2018,45.889965,3.120498,25
Riom - Chtel-Guyon,2019,45.889965,3.120498,8
Riom - Chtel-Guyon,2020,45.889965,3.120498,1
Riom - Chtel-Guyon,2021,45.889965,3.120498,4
Riom - Chtel-Guyon,2022,45.889965,3.120498,2
Roanne,2014,46.039383,4.063207,140
Roanne,2015,46.039383,4.063207,256
Roanne,2016,46.039383,4.063207,150
Roanne,2017,46.039383,4.063207,100
Roanne,2018,46.039383,4.063207,33
Roanne,2019,46.039383,4.063207,76
Roanne,2020,46.039383,4.063207,20
Roanne,2021,46.039383,4.063207,55
Roanne,2022,46.039383,4.063207,41
Rouen Rive Droite,2013,49.448764,1.094087,13
Rouen Rive Droite,2014,49.448764,1.094087,841
Rouen Rive Droite,2015,49.448764,1.094087,907
Rouen Rive Droite,2016,49.448764,1.094087,635
Rouen Rive Droite,2017,49.448764,1.094087,623
Rouen Rive Droite,2018,49.448764,1.094087,686
Rouen Rive Droite,2019,49.448764,1.094087,573
Rouen Rive Droite,2020,49.448764,1.094087,341
Rouen Rive Droite,2021,49.448764,1.094087,384
Rouen Rive Droite,2022,49.448764,1.094087,453
Royan,2013,45.625886,-1.016703,2
Royan,2014,45.625886,-1.016703,48
Royan,2015,45.625886,-1.016703,49
Royan,2016,45.625886,-1.016703,42
Royan,2017,45.625886,-1.016703,25
Royan,2018,45.625886,-1.016703,6
Royan,2019,45.625886,-1.016703,34
Royan,2020,45.625886,-1.016703,8
Royan,2021,45.625886,-1.016703,2
Royan,2022,45.625886,-1.016703,2
Saint-Brieuc,2014,48.50758,-2.765,26
Saint-Brieuc,2015,48.50758,-2.765,119
Saint-Brieuc,2016,48.50758,-2.765,158
Saint-Brieuc,2017,48.50758,-2.765,159
Saint-Brieuc,2018,48.50758,-2.765,129
Saint-Brieuc,2019,48.50758,-2.765,100
Saint-Brieuc,2020,48.50758,-2.765,31
Saint-Brieuc,2021,48.50758,-2.765,28
Saint-Brieuc,2022,48.50758,-2.765,29
Saint-Cloud,2014,48.84541,2.21687,38
Saint-Cloud,2015,48.84541,2.21687,32
Saint-Cloud,2016,48.84541,2.21687,19
Saint-Cloud,2017,48.84541,2.21687,10
Saint-Cloud,2018,48.84541,2.21687,5
Saint-Di-des-Vosges,2014,48.282225,6.948656,17
Saint-Di-des-Vosges,2015,48.282225,6.948656,17
Saint-Di-des-Vosges,2016,48.282225,6.948656,41
Saint-Di-des-Vosges,2017,48.282225,6.948656,62
Saint-Di-des-Vosges,2018,48.282225,6.948656,58
Saint-Di-des-Vosges,2019,48.282225,6.948656,41
Saint-Di-des-Vosges,2020,48.282225,6.948656,19
Saint-Di-des-Vosges,2021,48.282225,6.948656,27
Saint-Di-des-Vosges,2022,48.282225,6.948656,42
Saint-Gervais-les-Bains Le Fayet,2014,45.906423,6.701331,18
Saint-Gervais-les-Bains Le Fayet,2015,45.906423,6.701331,16
Saint-Gervais-les-Bains Le Fayet,2016,45.906423,6.701331,18
Saint-Gervais-les-Bains Le Fayet,2017,45.906423,6.701331,13
Saint-Gervais-les-Bains Le Fayet,2018,45.906423,6.701331,46
Saint-Gervais-les-Bains Le Fayet,2019,45.906423,6.701331,35
Saint-Gervais-les-Bains Le Fayet,2020,45.906423,6.701331,29
Saint-Gervais-les-Bains Le Fayet,2021,45.906423,6.701331,43
Saint-Gervais-les-Bains Le Fayet,2022,45.906423,6.701331,153
Saint-L,2014,49.116975,-1.099525,17
Saint-L,2015,49.116975,-1.099525,52
Saint-L,2016,49.116975,-1.099525,52
Saint-L,2017,49.116975,-1.099525,8
Saint-L,2018,49.116975,-1.099525,13
Saint-L,2019,49.116975,-1.099525,1
Saint-Malo,2014,48.646859,-2.004158,92
Saint-Malo,2015,48.646859,-2.004158,98
Saint-Malo,2016,48.646859,-2.004158,98
Saint-Malo,2017,48.646859,-2.004158,69
Saint-Malo,2018,48.646859,-2.004158,79
Saint-Malo,2019,48.646859,-2.004158,45
Saint-Malo,2020,48.646859,-2.004158,39
Saint-Malo,2021,48.646859,-2.004158,40
Saint-Malo,2022,48.646859,-2.004158,52
Saint-Nazaire,2014,47.286412,-2.211096,358
Saint-Nazaire,2015,47.286412,-2.211096,328
Saint-Nazaire,2016,47.286412,-2.211096,213
Saint-Nazaire,2017,47.286412,-2.211096,220
Saint-Nazaire,2018,47.286412,-2.211096,181
Saint-Nazaire,2019,47.286412,-2.211096,259
Saint-Nazaire,2020,47.286412,-2.211096,230
Saint-Nazaire,2021,47.286412,-2.211096,439
Saint-Nazaire,2022,47.286412,-2.211096,313
Saint-Pierre-des-Corps,2014,47.386099,0.72355,225
Saint-Pierre-des-Corps,2015,47.386099,0.72355,260
Saint-Pierre-des-Corps,2016,47.386099,0.72355,304
Saint-Pierre-des-Corps,2017,47.386099,0.72355,346
Saint-Pierre-des-Corps,2018,47.386099,0.72355,289
Saint-Pierre-des-Corps,2019,47.386099,0.72355,305
Saint-Pierre-des-Corps,2022,47.386099,0.72355,53
Saint-Pol-sur-Ternoise,2014,50.37913,2.33939,20
Saint-Pol-sur-Ternoise,2015,50.37913,2.33939,4
Saint-Pol-sur-Ternoise,2016,50.37913,2.33939,13
Saint-Pol-sur-Ternoise,2017,50.37913,2.33939,4
Saint-Quentin,2014,49.8400482,3.2970089,27
Saint-Quentin,2015,49.8400482,3.2970089,21
Saint-Quentin,2016,49.8400482,3.2970089,92
Saint-Quentin,2017,49.8400482,3.2970089,115
Saint-Quentin,2018,49.8400482,3.2970089,89
Saint-Quentin,2019,49.8400482,3.2970089,65
Saint-Quentin,2020,49.8400482,3.2970089,48
Saint-Quentin,2021,49.8400482,3.2970089,69
Saint-Quentin,2022,49.8400482,3.2970089,58
Saint-tienne Chteaucreux,2013,45.443366,4.399722,323
Saint-tienne Chteaucreux,2014,45.443366,4.399722,326
Saint-tienne Chteaucreux,2015,45.443366,4.399722,411
Saint-tienne Chteaucreux,2016,45.443366,4.399722,389
Saint-tienne Chteaucreux,2017,45.443366,4.399722,496
Saint-tienne Chteaucreux,2018,45.443366,4.399722,392
Saint-tienne Chteaucreux,2019,45.443366,4.399722,403
Saint-tienne Chteaucreux,2020,45.443366,4.399722,198
Saint-tienne Chteaucreux,2021,45.443366,4.399722,210
Saint-tienne Chteaucreux,2022,45.443366,4.399722,251
Saintes,2013,45.74874,-0.6179,49
Saintes,2014,45.74874,-0.6179,90
Saintes,2015,45.74874,-0.6179,87
Saintes,2016,45.74874,-0.6179,119
Saintes,2017,45.74874,-0.6179,139
Saintes,2018,45.74874,-0.6179,157
Saintes,2019,45.74874,-0.6179,89
Saintes,2020,45.74874,-0.6179,26
Saintes,2021,45.74874,-0.6179,53
Saintes,2022,45.74874,-0.6179,49
Sarrebourg,2014,48.73808,7.05285,19
Sarrebourg,2015,48.73808,7.05285,18
Sarrebourg,2016,48.73808,7.05285,12
Sarrebourg,2017,48.73808,7.05285,1
Sarrebourg,2022,48.73808,7.05285,33
Saverne,2014,48.7444606,7.3620802,27
Saverne,2015,48.7444606,7.3620802,58
Saverne,2016,48.7444606,7.3620802,43
Saverne,2017,48.7444606,7.3620802,73
Saverne,2018,48.7444606,7.3620802,90
Saverne,2019,48.7444606,7.3620802,76
Saverne,2020,48.7444606,7.3620802,37
Saverne,2021,48.7444606,7.3620802,18
Saverne,2022,48.7444606,7.3620802,20
Slestat,2013,48.2601166,7.443278,2
Slestat,2014,48.2601166,7.443278,89
Slestat,2015,48.2601166,7.443278,83
Slestat,2016,48.2601166,7.443278,81
Slestat,2017,48.2601166,7.443278,171
Slestat,2018,48.2601166,7.443278,163
Slestat,2019,48.2601166,7.443278,103
Slestat,2020,48.2601166,7.443278,53
Slestat,2021,48.2601166,7.443278,52
Slestat,2022,48.2601166,7.443278,60
Strasbourg,2013,48.584967,7.734584,2684
Strasbourg,2014,48.584967,7.734584,4326
Strasbourg,2015,48.584967,7.734584,4426
Strasbourg,2016,48.584967,7.734584,4363
Strasbourg,2017,48.584967,7.734584,4546
Strasbourg,2018,48.584967,7.734584,3809
Strasbourg,2019,48.584967,7.734584,3503
Strasbourg,2020,48.584967,7.734584,1501
Strasbourg,2021,48.584967,7.734584,1699
Strasbourg,2022,48.584967,7.734584,2388
Tarbes,2014,43.239955,0.069415,60
Tarbes,2015,43.239955,0.069415,72
Tarbes,2016,43.239955,0.069415,105
Tarbes,2017,43.239955,0.069415,355
Tarbes,2018,43.239955,0.069415,373
Tarbes,2019,43.239955,0.069415,436
Tarbes,2020,43.239955,0.069415,285
Tarbes,2021,43.239955,0.069415,564
Tarbes,2022,43.239955,0.069415,663
Thionville,2014,49.353931,6.169543,5
Thionville,2016,49.353931,6.169543,21
Thionville,2017,49.353931,6.169543,91
Thionville,2018,49.353931,6.169543,74
Thionville,2019,49.353931,6.169543,11
Thonon-les-Bains,2014,46.369004,6.481669,10
Thonon-les-Bains,2015,46.369004,6.481669,3
Thonon-les-Bains,2016,46.369004,6.481669,2
Toulon,2013,43.12837,5.929293,45
Toulon,2014,43.12837,5.929293,348
Toulon,2015,43.12837,5.929293,550
Toulon,2016,43.12837,5.929293,688
Toulon,2017,43.12837,5.929293,624
Toulon,2018,43.12837,5.929293,590
Toulon,2019,43.12837,5.929293,516
Toulon,2021,43.12837,5.929293,284
Toulon,2022,43.12837,5.929293,171
Toulouse Matabiau,2013,43.611206,1.453616,140
Toulouse Matabiau,2014,43.611206,1.453616,1873
Toulouse Matabiau,2015,43.611206,1.453616,1584
Toulouse Matabiau,2016,43.611206,1.453616,1975
Toulouse Matabiau,2017,43.611206,1.453616,2087
Toulouse Matabiau,2018,43.611206,1.453616,1890
Toulouse Matabiau,2019,43.611206,1.453616,1889
Toulouse Matabiau,2020,43.611206,1.453616,1065
Toulouse Matabiau,2021,43.611206,1.453616,1816
Toulouse Matabiau,2022,43.611206,1.453616,1622
Tourcoing,2014,50.71683,3.16804,51
Tourcoing,2015,50.71683,3.16804,93
Tourcoing,2016,50.71683,3.16804,552
Tourcoing,2017,50.71683,3.16804,584
Tourcoing,2018,50.71683,3.16804,469
Tourcoing,2019,50.71683,3.16804,426
Tourcoing,2020,50.71683,3.16804,297
Tourcoing,2021,50.71683,3.16804,370
Tourcoing,2022,50.71683,3.16804,313
Tours,2014,47.389781,0.693703,861
Tours,2015,47.389781,0.693703,956
Tours,2016,47.389781,0.693703,1132
Tours,2017,47.389781,0.693703,1257
Tours,2018,47.389781,0.693703,1078
Tours,2019,47.389781,0.693703,1031
Tours,2020,47.389781,0.693703,909
Tours,2021,47.389781,0.693703,1028
Tours,2022,47.389781,0.693703,1161
Trouville - Deauville,2013,49.360005,0.084167,1
Trouville - Deauville,2014,49.360005,0.084167,97
Trouville - Deauville,2015,49.360005,0.084167,100
Trouville - Deauville,2016,49.360005,0.084167,28
Trouville - Deauville,2017,49.360005,0.084167,36
Trouville - Deauville,2018,49.360005,0.084167,39
Trouville - Deauville,2019,49.360005,0.084167,68
Trouville - Deauville,2020,49.360005,0.084167,22
Trouville - Deauville,2021,49.360005,0.084167,43
Trouville - Deauville,2022,49.360005,0.084167,57
Troyes,2014,48.296069,4.065281,65
Troyes,2015,48.296069,4.065281,110
Troyes,2016,48.296069,4.065281,121
Troyes,2017,48.296069,4.065281,30
Troyes,2018,48.296069,4.065281,13
Valence,2014,44.928049,4.893273,234
Valence,2015,44.928049,4.893273,410
Valence,2016,44.928049,4.893273,407
Valence,2017,44.928049,4.893273,570
Valence,2018,44.928049,4.893273,251
Valence,2019,44.928049,4.893273,347
Valence,2020,44.928049,4.893273,288
Valence,2021,44.928049,4.893273,455
Valence,2022,44.928049,4.893273,493
Valence TGV Rhne-Alpes Sud,2014,44.991545,4.978703,123
Valence TGV Rhne-Alpes Sud,2015,44.991545,4.978703,146
Valence TGV Rhne-Alpes Sud,2016,44.991545,4.978703,133
Valence TGV Rhne-Alpes Sud,2017,44.991545,4.978703,142
Valence TGV Rhne-Alpes Sud,2018,44.991545,4.978703,138
Valence TGV Rhne-Alpes Sud,2019,44.991545,4.978703,133
Valence TGV Rhne-Alpes Sud,2020,44.991545,4.978703,93
Valence TGV Rhne-Alpes Sud,2021,44.991545,4.978703,161
Valence TGV Rhne-Alpes Sud,2022,44.991545,4.978703,320
Valenciennes,2014,50.363259,3.517115,108
Valenciennes,2015,50.363259,3.517115,76
Valenciennes,2016,50.363259,3.517115,92
Valenciennes,2017,50.363259,3.517115,77
Valenciennes,2018,50.363259,3.517115,59
Valenciennes,2019,50.363259,3.517115,35
Valenciennes,2020,50.363259,3.517115,9
Valenciennes,2021,50.363259,3.517115,18
Valenciennes,2022,50.363259,3.517115,15
Vannes,2014,47.665169,-2.75245,90
Vannes,2015,47.665169,-2.75245,76
Vannes,2016,47.665169,-2.75245,59
Vannes,2017,47.665169,-2.75245,61
Vannes,2018,47.665169,-2.75245,71
Vannes,2019,47.665169,-2.75245,34
Vannes,2020,47.665169,-2.75245,6
Vannes,2021,47.665169,-2.75245,12
Vannes,2022,47.665169,-2.75245,84
Vernon - Giverny,2013,49.091336,1.47857,3
Vernon - Giverny,2014,49.091336,1.47857,80
Vernon - Giverny,2015,49.091336,1.47857,36
Vernon - Giverny,2016,49.091336,1.47857,6
Vernon - Giverny,2017,49.091336,1.47857,2
Vernon - Giverny,2018,49.091336,1.47857,4
Versailles Rive Droite,2014,48.8096525,2.1347523,47
Versailles Rive Droite,2015,48.8096525,2.1347523,20
Versailles Rive Droite,2016,48.8096525,2.1347523,12
Versailles Rive Droite,2017,48.8096525,2.1347523,5
Vichy,2014,46.126979,3.430448,11
Vichy,2015,46.126979,3.430448,24
Vichy,2016,46.126979,3.430448,33
Vichy,2017,46.126979,3.430448,34
Vichy,2018,46.126979,3.430448,20
Vichy,2019,46.126979,3.430448,40
Vichy,2020,46.126979,3.430448,12
Vichy,2021,46.126979,3.430448,8
Vichy,2022,46.126979,3.430448,20
Vierzon,2014,47.226497,2.059822,201
Vierzon,2015,47.226497,2.059822,196
Vierzon,2016,47.226497,2.059822,231
Vierzon,2017,47.226497,2.059822,259
Vierzon,2018,47.226497,2.059822,296
Vierzon,2019,47.226497,2.059822,210
Vierzon,2020,47.226497,2.059822,117
Vierzon,2021,47.226497,2.059822,113
Vierzon,2022,47.226497,2.059822,158
Yvetot,2014,49.622035,0.750115,21
Yvetot,2015,49.622035,0.750115,28
Yvetot,2016,49.622035,0.750115,20
Yvetot,2017,49.622035,0.750115,40
pinal,2014,48.178005,6.441787,114
pinal,2015,48.178005,6.441787,85
pinal,2016,48.178005,6.441787,81
pinal,2017,48.178005,6.441787,141
pinal,2018,48.178005,6.441787,79
pinal,2019,48.178005,6.441787,88
pinal,2020,48.178005,6.441787,29
pinal,2021,48.178005,6.441787,33
pinal,2022,48.178005,6.441787,47
taples - Le Touquet,2014,50.51686,1.64231,25
taples - Le Touquet,2015,50.51686,1.64231,23
taples - Le Touquet,2016,50.51686,1.64231,14
taples - Le Touquet,2017,50.51686,1.64231,26
vian-les-Bains,2014,46.397915,6.577457,16
vian-les-Bains,2015,46.397915,6.577457,37
vian-les-Bains,2016,46.397915,6.577457,24
vian-les-Bains,2019,46.397915,6.577457,27
vian-les-Bains,2021,46.397915,6.577457,33
vian-les-Bains,2022,46.397915,6.577457,47
vreux Normandie,2013,49.018748,1.149629,3
vreux Normandie,2014,49.018748,1.149629,76
vreux Normandie,2015,49.018748,1.149629,73
vreux Normandie,2016,49.018748,1.149629,32
vreux Normandie,2017,49.018748,1.149629,15
vreux Normandie,2018,49.018748,1.149629,30
vreux Normandie,2019,49.018748,1.149629,33
vreux Normandie,2020,49.018748,1.149629,4
vreux Normandie,2021,49.018748,1.149629,7
vreux Normandie,2022,49.018748,1.149629,20
